table,variable,data_type,definition,allowed_values,missing_value,source,notes
manuscripts,manuscript_id,varchar(20),Unique identifier assigned to each manuscript in the dataset.,Unique dataset ID,Not permitted,Dataset,Primary key.
manuscripts,repository,varchar(255),Present repository holding the manuscript.,Free text,NULL = unavailable or not established,Catalogue,"Refers to the present holding institution, not the manuscript's place of production."
manuscripts,collection,varchar(255),Collection or subcollection in which the manuscript is held.,Free text,NULL = unavailable or not established,Catalogue,
manuscripts,shelfmark,varchar(255),"Shelfmark, call number, or equivalent repository identifier of the manuscript.",Free text,NULL = unavailable or not established,Catalogue,
manuscripts,title,varchar(500),Title of the manuscript or work as represented in catalogue metadata.,Free text,NULL = unavailable or not established,Catalogue,
manuscripts,author,varchar(500),Author attribution associated with the manuscript or work.,Free text,NULL = unavailable or not established,Catalogue,Preserves catalogue attribution; authorship was not independently verified.
manuscripts,language,varchar(100),Language description associated with the manuscript in the source data.,Free text; may contain legacy compound values,NULL = unavailable or not established,Catalogue,Preserved as source/provenance data; normalized language relationships are represented in manuscript_languages.
manuscripts,genre_as_catalogued,varchar(255),Genre or subject designation supplied by the catalogue.,Free text,NULL = unavailable or not established,Catalogue,Preserves repository terminology.
manuscripts,genre_normalized,varchar(255),Normalized genre designation used to facilitate comparison across manuscript records.,Working vocabulary,NULL = not established,Normalized from catalogue,Not treated as a closed taxonomy.
manuscripts,script_as_catalogued,varchar(255),Script designation supplied by the catalogue.,Free text,NULL = unavailable or not established,Catalogue,Preserves repository terminology.
manuscripts,script_normalized,varchar(255),Normalized script designation used to facilitate comparison across manuscript records.,Working vocabulary,NULL = not established,Normalized from catalogue,
manuscripts,page_type,varchar(255),Page or foliation type information recorded for the manuscript.,Free text,NULL = unavailable or not established,Catalogue,Preserves the convention used in the source data.
manuscripts,dimensions,varchar(100),Physical dimensions of the manuscript as reported by the source.,Free text,NULL = unavailable or not established,Catalogue,Preserves source measurement conventions.
manuscripts,source_url,text,URL of the principal online catalogue or repository record used for the manuscript.,URL,NULL = unavailable,Repository / catalogue,
manuscripts,iiif_manifest_url,text,URL of the IIIF manifest for the manuscript where available.,URL,NULL = unavailable,Repository,
manuscripts,catalogue_reference,text,Catalogue or bibliographic reference associated with the manuscript.,Free text,NULL = unavailable,Catalogue,
manuscripts,access_date,date,Date on which the online source was consulted.,YYYY-MM-DD,NULL = not recorded,Dataset,
manuscripts,notes,text,Additional manuscript-level information relevant to the dataset.,Free text,NULL = no additional note recorded,Various,
colophons,colophon_id,varchar(20),Unique identifier assigned to an individual colophon observation.,Unique dataset ID,Not permitted,Dataset,Primary key.
colophons,manuscript_id,varchar(20),Identifier of the manuscript containing the colophon.,Existing manuscript_id,Not permitted,Dataset,Foreign key to manuscripts.
colophons,pagination_label,varchar(50),Page or image label used to locate the colophon within the digital manifestation of the manuscript.,Free text,NULL = not established,Digital repository / viewer,Records digital pagination rather than the physical foliation of the manuscript.
colophons,folio_as_catalogued,varchar(100),Folio or page location of the colophon as given in catalogue metadata.,Free text,NULL = not supplied,Catalogue,Preserves the catalogue's own foliation or pagination reference.
colophons,iiif_ref_link,text,Direct IIIF or image reference associated with the individual colophon observation.,URL,NULL = unavailable,Repository,
colophons,language_normalized,varchar(100),Normalized language description retained from the original colophon annotation.,Legacy language value or compound value,NULL = not established,Annotation,Retained for provenance; normalized relational language information is represented in colophon_languages.
colophons,colophon_type,varchar(100),Functional classification of the colophon or completion statement.,scribal; authorial; other completion; uncertain,NULL = not established,Textual evidence / interpretation,Controlled by SQL CHECK constraint.
colophons,scribe_as_written,varchar(500),Name or designation of the scribe as represented in the individual colophon.,Free text; not stated where applicable,NULL = not established,Colophon,Records what the individual colophon states rather than general manuscript attribution.
colophons,scribe_normalized,varchar(500),Normalized form of the scribe's name or designation.,Free text; not stated where applicable,NULL = not established,Derived from colophon,
colophons,place_as_written,varchar(500),Place of copying or completion as represented in the individual colophon.,Free text; not stated where applicable,NULL = not established,Colophon,General manuscript provenance is not substituted for a place not stated by the colophon.
colophons,place_normalized,varchar(255),Normalized form of the place stated in the colophon.,Free text; not stated where applicable,NULL = not established,Derived from colophon,
colophons,date_as_written,varchar(500),Date of copying or completion as represented in the individual colophon.,Free text; not stated where applicable,NULL = not established,Colophon,Preserves the formulation of the source where possible.
colophons,date_normalized,varchar(100),Normalized representation of the date stated in the colophon.,Normalized date or text,NULL = not established,Derived from colophon,
colophons,text_shape,varchar(100),Overall geometric configuration formed by the written text of the colophon.,rectangular; triangular; inverted triangular; inverted rectangular; inverted trapezoidal; trapezoidal; diamond; hourglass; circular-oval; irregular; no distinct shape; mixed,NULL = not established,Direct visual observation,Describes the geometry of the writing rather than the frame. Working analytical classification.
colophons,line_pattern,varchar(100),Pattern created by the relative lengths of successive lines in the colophon.,equal; progressively shorter; progressively longer; shorter then longer; longer then shorter; mixed; single line,NULL = not established,Direct visual observation,Controlled by SQL CHECK constraint.
colophons,alignment,varchar(100),Alignment classification assigned to the colophon text.,right; centered; left; justified; mixed; different,NULL = not established,Direct visual observation,Values reproduce the final SQL constraint.
colophons,script_relation,varchar(100),Relationship between the script used in the colophon and the script of the surrounding or main text.,same; different; mixed,NULL = not established,Direct visual observation,Controlled by SQL CHECK constraint.
colophons,ink,varchar(100),Ink colour or combination of colours observed in the colophon.,Open vocabulary,NULL = not established,Direct visual observation,Colour combinations are preserved where applicable.
colophons,frame_presence,varchar(100),Whether a frame associated specifically with the colophon is present.,yes; no,NULL = not established,Direct visual observation,Ordinary page or text-block framing is not automatically counted as a colophon frame.
colophons,frame_shape,varchar(100),Geometric form of the frame associated with the colophon.,rectangular; triangular; circular-oval; irregular; other; trapezoidal; not applicable,NULL = not established,Direct visual observation,Describes the geometry of the boundary rather than the geometry of the written text.
colophons,internal_ruling,varchar(100),Presence and orientation of ruling within the colophon area.,Working vocabulary,NULL = not established,Direct visual observation,Ruling is treated separately from ornamentation.
colophons,ornamentation,varchar(100),Decorative treatment associated with the colophon.,Working vocabulary,NULL = not established,Direct visual observation,Working analytical classification rather than an established taxonomy.
colophons,spatial_separation,varchar(100),Manner in which the colophon is spatially distinguished from the surrounding text.,Working vocabulary,NULL = not established,Direct visual observation,
colophons,position_in_text_block,varchar(100),Position of the colophon in relation to the principal text block.,within; below; outside; separate,NULL = not established,Direct visual observation,Controlled by SQL CHECK constraint.
colophons,marginal_interaction,varchar(100),Spatial relationship between the colophon and marginal writing or material.,none; adjacent; surrounding; overlapping,NULL = not established,Direct visual observation,Controlled by SQL CHECK constraint.
colophons,notes,text,Additional contextual or exceptional information concerning the individual colophon observation.,Free text,NULL = no additional note recorded,Various,Used for information not adequately represented by the structured analytical variables.
languages,language_id,int,Unique numeric identifier assigned to a normalized language.,Unique integer,Not permitted,Dataset,Auto-incrementing primary key.
languages,language_name,varchar(100),Normalized name of a language represented in the relational language model.,Normalized language name,Not permitted,Dataset vocabulary,Must be unique.
,,,,,,,
manuscript_languages,manuscript_id,varchar(50),Identifier of the manuscript associated with the language.,Existing manuscript_id,Not permitted,Dataset,Foreign key to manuscripts; part of composite primary key.
manuscript_languages,language_id,int,Identifier of the normalized language associated with the manuscript.,Existing language_id,Not permitted,Normalized from manuscript language data,Foreign key to languages; part of composite primary key.
manuscript_languages,language_role,varchar(20),Role assigned to the language in relation to the manuscript.,primary; secondary; uncertain,Not permitted,Derived / normalized,"For migrated slash-separated values, the language before / was treated as primary and the language after / as secondary."
,,,,,,,
colophon_languages,colophon_id,varchar(50),Identifier of the individual colophon associated with the language.,Existing colophon_id,Not permitted,Dataset,Foreign key to colophons; part of composite primary key.
colophon_languages,language_id,int,Identifier of the normalized language associated with the colophon.,Existing language_id,Not permitted,Normalized from colophon language annotation,Foreign key to languages; part of composite primary key.
colophon_languages,language_role,varchar(20),Role assigned to the language in relation to the colophon.,primary; secondary; uncertain,Not permitted,Derived / normalized,"For migrated slash-separated values, the language before / was treated as primary and the language after / as secondary."
