colophon_id,manuscript_id,pagination_label,folio_as_catalogued,iiif_ref_link,language_normalized,colophon_type,scribe_as_written,scribe_normalized,place_as_written,place_normalized,date_as_written,date_normalized,text_shape,line_pattern,alignment,script_relation,ink,frame_presence,frame_shape,internal_ruling,ornamentation,spatial_separation,position_in_text_block,marginal_interaction,notes
COL0003,MS0044,634,NULL,https://hdl.handle.net/2027/mdp.39015079132869?urlappend=%3Bseq=634,Arabic,scribal,"Alī-shāh b. al-Qāsim al-Khwārizmī","Miftāḥīzādah (Miftahizade Mustafa b. Hasan)",Qusṭanṭanīyah,Istanbul,"mid-Ṣafar 1117","June 1705","inverted triangular","progressively shorter",centered,same,black,yes,rectangular,horizontal,NULL,"separate area",below,adjacent,NULL
COL0002,MS0052,186,NULL,NULL,Arabic,scribal,"Alī-shāh b. al-Qāsim al-Khwārizmī",NULL,NULL,NULL,NULL,NULL,NULL,NULL,NULL,NULL,NULL,NULL,NULL,NULL,NULL,NULL,NULL,NULL,NULL
COL0001,MS0053,186,NULL,NULL,Turkish,scribal,NULL,NULL,NULL,NULL,NULL,NULL,NULL,NULL,NULL,NULL,NULL,NULL,NULL,NULL,NULL,NULL,NULL,NULL,NULL
COL0005,MS0055,399,NULL,https://hdl.handle.net/2027/mdp.39015079130772?urlappend=%3Bseq=399,Arabic,scribal,NULL,NULL,NULL,Istanbul,892,1487,rectangular,equal,centered,same,black,yes,rectangular,horizontal,geometric,"separate area",below,adjacent,NULL
COL0006,MS0056,222,NULL,https://hdl.handle.net/2027/mdp.39015079128131?urlappend=%3Bseq=222,Arabic,scribal,"حمد الله نظام بیاسانی","Ḥamd Allāh ibn Qavām al-Dīn Niẓām Bayāsānī",NULL,NULL,896,1491,triangular,mixed,mixed,same,black,yes,rectangular,none,floral,"separate area",outside,surrounding,NULL
COL0007,MS0056,524,NULL,https://hdl.handle.net/2027/mdp.39015079128131?urlappend=%3Bseq=524,Arabic,scribal,"حمد الله نظام بیاسانی","Ḥamd Allāh ibn Qavām al-Dīn Niẓām Bayāsānī",NULL,NULL,896,1491,"inverted triangular","progressively shorter",different,same,black,yes,trapezoidal,none,none,"separate area",within,surrounding,NULL
COL0008,MS0056,710,NULL,https://hdl.handle.net/2027/mdp.39015079128131?urlappend=%3Bseq=710,"persian / Arabic",scribal,NULL,NULL,NULL,NULL,896,1491,"inverted triangular","progressively shorter",different,same,black,yes,trapezoidal,none,none," divider",below,surrounding,NULL
COL0010,MS0058,709,NULL,https://hdl.handle.net/2027/mdp.39015079128123?urlappend=%3Bseq=709,Arabic,scribal,NULL,NULL,NULL,NULL,901,1495,rectangular,"progressively shorter",different,different,brown,yes,rectangular,none,other," divider",below,surrounding,NULL
COL0011,MS0059,709,NULL,https://hdl.handle.net/2027/mdp.39015079133289?urlappend=%3Bseq=455,Arabic,scribal,NULL,NULL,NULL,NULL,848,1444,triangular,"progressively shorter",different,different,black,NULL,NULL,none,mim," divider",below,none,NULL
COL0012,MS0060,310,NULL,https://hdl.handle.net/2027/mdp.39015079126689?urlappend=%3Bseq=310,Arabic,scribal,"پر جلیل پرده لیق","Pīr Jalīl Burdahʹlīq",NULL,NULL,880,1475,irregular,mixed,different,same,black,NULL,NULL,none,mim," divider",below,none,NULL
COL0013,MS0061,590,NULL,https://hdl.handle.net/2027/mdp.39015079130749?urlappend=%3Bseq=590,Arabic,scribal,NULL,NULL,NULL,NULL,823,1420,"inverted triangular","progressively shorter",centered,different,black,yes,triangular,none,"framing related"," divider",below,none,NULL
COL0014,MS0061,225,NULL,https://hdl.handle.net/2027/mdp.39015079130749?urlappend=%3Bseq=225,Arabic,scribal,NULL,NULL,NULL,NULL,823,1420,"no distinct shape",NULL,NULL,different,black,yes,other,none,NULL," divider",outside,surrounding,NULL
COL0015,MS0062,863,NULL,https://hdl.handle.net/2027/mdp.39015079128586?urlappend=%3Bseq=863,Arabic,scribal,"مرشد الدين بن صدر","Murshid al-Dīn ibn Ṣadr al-Dīn al-Mudhahhib",NULL,NULL,894,1488,"inverted triangular","progressively shorter",centered,different,black,yes,trapezoidal,none,"floral / geometric"," divider",below,adjacent,NULL
COL0016,MS0063,174,172,https://hdl.handle.net/2027/mdp.39015079129642?urlappend=%3Bseq=174,Arabic,scribal,"حسين بن شمس الحسينى الجرجانى","Ḥusayn ibn Shams al-Ḥusaynī al-Jurjānī",NULL,NULL,868,1463,"inverted triangular","progressively shorter",centered,same,black,no,NULL,none,NULL,NULL,below,adjacent,NULL
COL0018,MS0065,562,NULL,https://hdl.handle.net/2027/mdp.39015079129832?urlappend=%3Bseq=562,Arabic,scribal,NULL,NULL,تبريز,Tabriz,886,1481,"inverted triangular","progressively shorter",centered,same,black,no,NULL,none,NULL,none,below,none,NULL
COL0019,MS0066,79,NULL,https://hdl.handle.net/2027/mdp.39015079127372?urlappend=%3Bseq=79,NULL,scribal,NULL,NULL,NULL,NULL,NULL,"late 15th or even 16th century",NULL,NULL,NULL,NULL,black,no,NULL,NULL,mim,none,below,none,NULL
COL0020,MS0067,429,NULL,https://hdl.handle.net/2027/mdp.39015079130707?urlappend=%3Bseq=429,Arabic,scribal,"شجاع الدين محمد شيرازى","Shujāʻ al-Dīn Muḥammad Shīrāzī",NULL,NULL,989,1581,rectangular,equal,justified,same,black,no,NULL,NULL,NULL,divider,below,none,NULL
COL0021,MS0068,628,NULL,https://hdl.handle.net/2027/mdp.39015079130426?urlappend=%3Bseq=628,Arabic,scribal,"حافظ ابو الفتح بن قاضى ضياء الدين محمد رازى","Ḥāfiẓ Abū al-Fatḥ ibn Qāḍī Ḍiyāʼ al-Dīn Muḥammad Rāzī",NULL,NULL,1000,1592,triangular,"progressively shorter",centered,same,"black / red",NULL,NULL,"horizontal / diagonal",NULL,divider,within,adjacent,NULL
COL0025,MS0070,283,NULL,https://hdl.handle.net/2027/mdp.39015088429314?urlappend=%3Bseq=283,Arabic,scribal,NULL,NULL,NULL,NULL,NULL,NULL,rectangular,equal,centered,same,black,NULL,NULL,NULL,mim,"blank space",below,adjacent,NULL
COL0026,MS0071,130,NULL,https://hdl.handle.net/2027/mdp.39015081446471?urlappend=%3Bseq=130,"Persian / Arabic",scribal,NULL,NULL,NULL,NULL,975,1568,triangular,"progressively shorter",centered,same,black,yes,triangular,NULL,mim,NULL,below,adjacent,NULL
COL0027,MS0071,130,NULL,https://hdl.handle.net/2027/mdp.39015081446471?urlappend=%3Bseq=130,"Persian / Arabic",authorial,NULL,NULL,NULL,NULL,886,1481,rectangular,equal,centered,same,black,no,triangular,NULL,NULL,divider,below,adjacent,NULL
COL0028,MS0072,347,NULL,https://hdl.handle.net/2027/mdp.39015079128800?urlappend=%3Bseq=347,Arabic,scribal,NULL,NULL,NULL,NULL,920,1514,trapezoidal,"progressively shorter",centered,same,"black / red / gold",yes,triangular,NULL,floral,"separate area",below,surrounding,NULL
COL0029,MS0073,327,NULL,https://hdl.handle.net/2027/mdp.39015079128172?urlappend=%3Bseq=327,Arabic,scribal,"بابا شاه بن سلطان علي","Bābā Shāh Isfahānī",NULL,NULL,989,1581,rectangular,mixed,centered,same,black/gold,yes,rectangular,NULL,floral/geometric,"separate area",below,surrounding,NULL
COL0030,MS0074,45,NULL,https://hdl.handle.net/2027/mdp.39015079128206?urlappend=%3Bseq=45,Arabic,scribal,"سلطان حسين بن جمشيد","Sulṭān Ḥusayn ibn Jamshīd",NULL,NULL,953,1546,"inverted triangular","progressively shorter",centered,same,black/gold,yes,triangular,NULL,floral/geometric,"separate area",below,surrounding,NULL
COL0031,MS0075,283,NULL,https://hdl.handle.net/2027/mdp.39015079127323?urlappend=%3Bseq=283,"Persian / Arabic",scribal,"فولاد محمد بن يار محمد البخارى","Fūlād Muḥammad ibn Yār Muḥammad alBukhārī",NULL,Herat,1006,1597,mixed,"progressively shorter",centered,same,black/gold,yes,irregular,NULL,NULL,"separate area",outside,surrounding,NULL
COL0032,MS0075,283,NULL,https://hdl.handle.net/2027/mdp.39015079127323?urlappend=%3Bseq=283,"Persian / Arabic",authorial,NULL,NULL,NULL,Herat,NULL,NULL,rectangular,equal,centered,same,black/gold,yes,rectangular,NULL,NULL,"separate area",below,surrounding,NULL
COL0033,MS0076,313,NULL,https://hdl.handle.net/2027/mdp.39015079129634?urlappend=%3Bseq=313,Arabic,scribal,NULL,NULL,قزوين,Qazvīn,NULL,1499,irregular,mixed,mixed,same,black/gold,yes,trapezoidal,NULL,geometric,"blank space",below,overlapping,NULL
COL0034,MS0077,224,NULL,https://hdl.handle.net/2027/mdp.39015079126697?urlappend=%3Bseq=224,Arabic,scribal,NULL,NULL,NULL,NULL,921,1515,mixed,mixed,mixed,same,black/red,no,NULL,NULL,geometric,divider,within,overlapping,NULL
COL0035,MS0077,224,NULL,https://hdl.handle.net/2027/mdp.39015079126697?urlappend=%3Bseq=347,Arabic,scribal,NULL,NULL,NULL,NULL,NULL,NULL,NULL,NULL,NULL,same,black,no,NULL,NULL,NULL,"blank space",within,NULL,NULL
COL0036,MS0077,554,NULL,https://hdl.handle.net/2027/mdp.39015079126697?urlappend=%3Bseq=554,Arabic,scribal,NULL,NULL,NULL,NULL,922,1516,NULL,NULL,NULL,same,black,no,NULL,NULL,dots,NULL,within,NULL,NULL
COL0037,MS0077,607,NULL,https://hdl.handle.net/2027/mdp.39015079126697?urlappend=%3Bseq=607,Arabic,scribal,"علي بن اسماعيل بن حمزه","Alī ibn Ismāʻīl ibn Ḥamzah",اركروقصرى,"Eğri Kasri / Gjirokastra / Gjirokastër / Albania",922,1516,"inverted triangular","progressively shorter",centered,same,"black / red",yes,rectangular,NULL,dots,divider,within,adjacent,NULL
COL0038,MS0078,607,NULL,https://hdl.handle.net/2027/mdp.39015079129758?urlappend=%3Bseq=751,"Arabic / Persian",scribal,"عماد بن محمد عماد","Imād ibn Muḥamad Imād",NULL,NULL,NULL,"16th or early 17th century",mixed,mixed,justified,same,black,yes,irregular,NULL,NULL,divider,separate,surrounding,NULL
COL0039,MS0079,330,NULL,https://hdl.handle.net/2027/mdp.39015079128487?urlappend=%3Bseq=330,Arabic,scribal,NULL,NULL,قزوین,Qazvīn,989,1581,triangular,"progressively shorter",centered,same,"black / brown",yes,triangular,NULL,NULL,divider,separate,surrounding,NULL
COL0040,MS0080,43,NULL,https://hdl.handle.net/2027/mdp.39015079128578?urlappend=%3Bseq=43,Arabic,scribal,"Jamāl Shāh Maḥmūd","جمال شاه محمود",NULL,NULL,984,1576,NULL,equal,centered,same,"black / yellow",yes,triangular,horizontal,mim,divider,outside,adjacent,NULL
COL0041,MS0081,215,NULL,https://hdl.handle.net/2027/mdp.39015079130012?urlappend=%3Bseq=215,Arabic,scribal,"شاه محمد الكاتب","Shāh Muḥammad al-Kātib",NULL,NULL,NULL,"16th century","inverted triangular","progressively shorter",mixed,same,black,NULL,NULL,NULL,mim,"blank space",separate,adjacent,NULL
COL0042,MS0082,93,NULL,https://hdl.handle.net/2027/mdp.39015079127869?urlappend=%3Bseq=93,"Arabic / Persian",scribal,NULL,NULL,NULL,NULL,955,1548,rectangular,mixed,justified,same,black,yes,rectangular,NULL,mim,divider,below,NULL,NULL
COL0043,MS0083,428,NULL,https://hdl.handle.net/2027/mdp.39015079126770?urlappend=%3Bseq=428,Persian,authorial,NULL,NULL,NULL,NULL,890,1485,NULL,equal,justified,same,"black / red",NULL,NULL,NULL,NULL,"separate area",within,NULL,NULL
COL0044,MS0084,428,NULL,https://hdl.handle.net/2027/mdp.39015079126770?urlappend=%3Bseq=428,"Persian / Arabic",scribal,"محمد الكاتب النور","Muḥammad al Kātib al Nūr","ولايت باخرز در قريۀ رزه","village of Zarah in Bākharz",993,1585,"inverted triangular","progressively shorter",centered,same,"black / yellow",yes,trapezoidal,NULL,NULL,"separate area",below,NULL,NULL
COL0045,MS0085,255,NULL,https://hdl.handle.net/2027/mdp.39015079128537?urlappend=%3Bseq=255,Arabic,scribal,"محمد امين الحسينى الترمدى","Muḥammad Amīn al Ḥusaynī al Tirmidhī","ولايت باخرز در قريۀ رزه","village of Zarah in Bākharz",NULL,"16th century","inverted triangular","progressively shorter",centered,same,"black / yellow",yes,trapezoidal,NULL,geometric,"blank space",below,surrounding,NULL
COL0046,MS0086,282,NULL,https://hdl.handle.net/2027/mdp.39015079128511?urlappend=%3Bseq=278,Arabic,scribal,"عبد اللطيف المذنب بن شيخ درويش محمد الشروانى الشهير بافلاطون","Abd al Laṭīf ibn Shaykh Darvīsh Muḥammad al Shirvānī, al shahīr bi Aflāṭūn",NULL,NULL,971,1563,rectangular,"progressively shorter",centered,same,black,yes,rectangular,NULL,floral,divider,below,surrounding,NULL
COL0047,MS0087,107,NULL,https://hdl.handle.net/2027/mdp.39015079127851?urlappend=%3Bseq=107,Arabic,scribal,"محمد القوام الكاتب الشيرازى","Muḥammad al Qivām al Kātib al Shīrāzī",NULL,NULL,954,1548,"inverted rectangular","progressively shorter",centered,same,black,yes,rectangular,NULL,NULL,divider,below,surrounding,NULL
COL0048,MS0088,107,NULL,https://hdl.handle.net/2027/mdp.39015079128198?urlappend=%3Bseq=265,Persian,scribal,NULL,NULL,NULL,NULL,942,1536,"inverted rectangular","progressively shorter",centered,same,black,yes,rectangular,NULL,floral,divider,below,surrounding,NULL
COL0049,MS0089,645,NULL,https://hdl.handle.net/2027/mdp.39015079128768?urlappend=%3Bseq=645,Arabic,scribal,NULL,NULL,NULL,NULL,921,1516,"inverted trapezoidal","progressively shorter",centered,same,black,NULL,NULL,NULL,NULL,"separate area",below,NULL,NULL
COL0050,MS0090,645,NULL,https://hdl.handle.net/2027/mdp.39015079129030?urlappend=%3Bseq=1033,Arabic,scribal,NULL,NULL,NULL,NULL,955,1548,NULL,equal,justified,same,"black / red",NULL,NULL,diagonal,mim,"blank space",separate,surrounding,NULL
COL0051,MS0091,645,NULL,https://hdl.handle.net/2027/mdp.39015079129527?urlappend=%3Bseq=263,Arabic,scribal,"محمد بن ملا میر الاستادی","Muḥammad ibn Mullā Mīr al Ustādī",NULL,NULL,981,1573,rectangular,equal,justified,same,"black / red",NULL,NULL,horizontal,mim,divider,outside,adjacent,NULL
COL0052,MS0092,370,NULL,https://hdl.handle.net/2027/mdp.39015079127331?urlappend=%3Bseq=370,Arabic,scribal,"العبد الحبیب محمود بن نجیب","Maḥmūd ibn Najīb",NULL,Herat,922,1516,"inverted triangular","progressively shorter",centered,same,black,yes,triangular,NULL,mim,"separate area",below,surrounding,NULL
COL0053,MS0093,300,NULL,https://hdl.handle.net/2027/mdp.39015079129063?urlappend=%3Bseq=300,Persian,scribal,"ابو احمد ابن عبد الله القاضی","Abū Aḥmad ibn Abd Allāh al Qāḍī al Farāhī","بلدۀ سنبل",Sunbul,969,1562,"inverted triangular","progressively shorter",centered,different,black,yes,triangular,NULL,NULL,"blank space",below,surrounding,NULL
COL0054,MS0093,147,NULL,https://hdl.handle.net/2027/mdp.39015079129063?urlappend=%3Bseq=147,Persian,scribal,"غازی قلی ارغون","Ghāzī Qulī Arghūn","بلدۀ سنبل",Sunbul,NULL,NULL,irregular,"progressively shorter",mixed,different,black,no,NULL,NULL,mim,"blank space",within,overlapping,NULL
COL0055,MS0093,241,NULL,https://hdl.handle.net/2027/mdp.39015079129063?urlappend=%3Bseq=241,Persian,scribal,"غازی قلی ارغون","Ghāzī Qulī Arghūn",NULL,NULL,969,1562,rectangular,"progressively shorter",centered,different,black,yes,rectangular,NULL,mim,divider,within,surrounding,NULL
