colophon_id,language_id,language_role
COL0003,1,primary
COL0002,1,primary
COL0001,3,primary
COL0005,1,primary
COL0006,1,primary
COL0007,1,primary
COL0008,1,secondary
COL0008,2,primary
COL0010,1,primary
COL0011,1,primary
COL0012,1,primary
COL0013,1,primary
COL0014,1,primary
COL0015,1,primary
COL0016,1,primary
COL0018,1,primary
COL0020,1,primary
COL0021,1,primary
COL0025,1,primary
COL0026,1,secondary
COL0026,2,primary
COL0027,1,secondary
COL0027,2,primary
COL0028,1,primary
COL0029,1,primary
COL0030,1,primary
COL0031,1,secondary
COL0031,2,primary
COL0032,1,secondary
COL0032,2,primary
COL0033,1,primary
COL0034,1,primary
COL0035,1,primary
COL0036,1,primary
COL0037,1,primary
COL0038,1,primary
COL0038,2,secondary
COL0039,1,primary
COL0040,1,primary
COL0041,1,primary
COL0042,1,primary
COL0042,2,secondary
COL0043,2,primary
COL0044,1,secondary
COL0044,2,primary
COL0045,1,primary
COL0046,1,primary
COL0047,1,primary
COL0048,2,primary
COL0049,1,primary
COL0050,1,primary
COL0051,1,primary
COL0052,1,primary
COL0053,2,primary
COL0054,2,primary
COL0055,2,primary
