manuscript_id,language_id,language_role
MS0042,3,primary
MS0043,1,primary
MS0044,3,primary
MS0045,3,primary
MS0046,3,primary
MS0047,3,primary
MS0048,3,primary
MS0049,3,primary
MS0050,3,primary
MS0051,3,primary
MS0052,3,primary
MS0053,3,primary
MS0055,3,primary
MS0056,2,primary
MS0058,2,primary
MS0059,2,primary
MS0060,2,primary
MS0061,2,primary
MS0062,2,primary
MS0063,2,primary
MS0065,2,primary
MS0066,2,primary
MS0067,3,primary
MS0068,3,primary
MS0070,2,secondary
MS0070,3,primary
MS0071,2,primary
MS0072,2,primary
MS0073,2,primary
MS0074,2,primary
MS0075,2,primary
MS0076,2,primary
MS0077,2,primary
MS0078,1,secondary
MS0078,2,primary
MS0079,2,primary
MS0080,2,primary
MS0081,2,primary
MS0082,2,primary
MS0083,1,secondary
MS0083,2,primary
MS0084,2,primary
MS0085,2,primary
MS0086,2,primary
MS0087,2,primary
MS0088,2,primary
MS0089,2,primary
MS0090,2,primary
MS0091,2,primary
MS0092,1,secondary
MS0092,2,primary
MS0093,2,primary
