manuscript_id,repository,collection,shelfmark,title,author,language,genre_as_catalogued,genre_normalized,script_as_catalogued,script_normalized,page_type,dimensions,source_url,iiif_manifest_url,catalogue_reference,access_date,notes
MS0042,"University of Michigan",NULL,"Special Collections Research Center, Isl. Ms. 401","Hüsn-ü hat risalesi",NULL,"Turkish/ Ottoman",NULL,NULL,NULL,NULL,28,NULL,https://hdl.handle.net/2027/mdp.39015088423010,NULL,https://catalog.hathitrust.org/Record/006822263,2026-09-21,NULL
MS0043,"University of Michigan",NULL,"Special Collections Research Center, Isl. Ms. 656","Sīrat al-Qass Nuṣayr al-Iskandarānī wa-ibnihi Marqus",NULL,Arabic,NULL,NULL,NULL,NULL,97,NULL,https://catalog.hathitrust.org/Record/005245324,NULL,,2026-09-21,NULL
MS0044,"University of Michigan",NULL,"Special Collections Research Center, Isl. Ms. 1051","Tarih-i Fezleke ...etc",NULL,Turkish/Ottoman,NULL,historical,NULL,NULL,316,NULL,https://catalog.hathitrust.org/Record/012244979,NULL,,2026-09-21,NULL
MS0045,"University of Michigan",NULL,"Special Collections Research Center, Isl. Ms. 425","Tercüme-yi Kitâbü l-Harâc",NULL,Turkish/Ottoman,NULL,NULL,NULL,NULL,173,NULL,https://catalog.hathitrust.org/Record/006822795,NULL,,2026-09-21,NULL
MS0046,"University of Michigan",NULL,"Special Collections Research Center, Isl. Ms. 414","Nazm-ı Dilârâ",NULL,Turkish/Ottoman,NULL,NULL,NULL,NULL,52,NULL,https://catalog.hathitrust.org/Record/006822686,NULL,,2026-09-21,NULL
MS0047,"University of Michigan",NULL,"Special Collections Research Center, Isl. Ms. 410","Kitab-ı Husrev Şirin",NULL,Turkish/Ottoman,NULL,NULL,NULL,NULL,199,NULL,https://catalog.hathitrust.org/Record/006822570,NULL,,2026-09-21,NULL
MS0048,"University of Michigan",NULL,"Special Collections Research Center, Isl. Ms. 388","Nefehat-i üns-i Lâmiî",NULL,Turkish/Ottoman,NULL,NULL,NULL,NULL,382,NULL,https://catalog.hathitrust.org/Record/006822141,NULL,,2026-09-21,NULL
MS0049,"University of Michigan",NULL,"Special Collections Research Center, Isl. Ms. 820","Tercüme-yi Eşcar ü esmar",NULL,Turkish/Ottoman,NULL,NULL,NULL,NULL,166,NULL,https://catalog.hathitrust.org/Record/006814086,NULL,,2026-09-21,NULL
MS0050,"University of Michigan",NULL,"Special Collections Research Center, Isl. Ms. 830","Akvemül-vesail fi tercümetüş-Şemail",NULL,Turkish/Ottoman,NULL,NULL,NULL,NULL,496,NULL,https://catalog.hathitrust.org/Record/006821979,NULL,,2026-09-21,NULL
MS0051,"University of Michigan",NULL,"Special Collections Research Center, Isl. Ms. 826",Marifetname,NULL,Turkish/Ottoman,NULL,NULL,NULL,NULL,366,NULL,https://catalog.hathitrust.org/Record/006818229,NULL,,2026-09-21,NULL
MS0052,"University of Michigan",NULL,"Special Collections Research Center, Isl. Ms. 396","Mahasin ül-edeb",NULL,Turkish/Ottoman,NULL,NULL,NULL,NULL,43,NULL,https://catalog.hathitrust.org/Record/006822246,NULL,,2026-09-21,NULL
MS0053,"University of Michigan",NULL,"Special Collections Research Center, Isl. Ms. 185","Baṣāʼir al-darajāt",NULL,Turkish/Ottoman,NULL,NULL,NULL,NULL,210,NULL,https://catalog.hathitrust.org/Record/006835325,NULL,,2026-09-21,NULL
MS0055,"University of Michigan",NULL,"Ann Arbor, University of Michigan, Special Collections Research Center, Isl. Ms. 410","Khusraw va Shīrīn",Şeyhî,Turkish,"Turkish version of the Persian allegorical romance, Khusraw va Shīrīn",NULL,"Naskh with some elements of talik",NULL,199,"210 x 155 (150 x 99) mm",https://babel.hathitrust.org/cgi/pt?id=mdp.39015079130772&seq=1,NULL,https://catalog.hathitrust.org/Record/006822570,2026-09-21,NULL
MS0056,"University of Michigan",NULL,"Ann Arbor, University of Michigan, Special Collections Research Center, Isl. Ms. 295","al-Mas̲navī al-Maʻnavī","Mawlānā Jalāl al-Dīn Rūmī",Persian,poetical,NULL,Nastaliq,NULL,350,"240 x 155 mm",https://babel.hathitrust.org/cgi/pt?id=mdp.39015079128131&seq=1,NULL,https://catalog.hathitrust.org/Record/006812946,2026-09-21,NULL
MS0058,"University of Michigan",NULL," Ann Arbor, University of Michigan, Special Collections Research Center, Isl. Ms. 294","Kitāb al-Mas̲navī,Kitāb al-Mas̲navī",Maulānā,Persian,poetical,NULL,"Naskh / tawqī",NULL,353,"215 x 140 mm",https://babel.hathitrust.org/cgi/pt?id=mdp.39015079128123&seq=1,NULL,https://catalog.hathitrust.org/Record/006812941,2026-09-21,NULL
MS0059,"University of Michigan",NULL," Ann Arbor, University of Michigan, Special Collections Research Center, Isl. Ms. 1060","al-Mujallad al-awwal an kitāb al-mawsūm bi-Ikhtiyārāt","Ansāri Shirāzi (Ḥājjī Zayn al-Aṭṭār)",Persian,pharmacopoeia,NULL,"Naskh / Nastaliq",NULL,464,"258 x 178 mm",https://babel.hathitrust.org/cgi/pt?id=mdp.39015079133289&seq=1,NULL,https://catalog.hathitrust.org/Record/102137753,2026-10-01,NULL
MS0060,"University of Michigan",NULL," Ann Arbor, University of Michigan, Special Collections Research Center, Isl. Ms. 264","Ḥayrat al-fuqahā khajlat al-fuḍalā,","Alā Muftī Bukhārī (Bukhārāyī",Persian,"collection of legal decisions",NULL,Nastaliq,NULL,314,"240 x 165 mm",https://babel.hathitrust.org/cgi/pt?id=mdp.39015079126689&seq=1,NULL,https://catalog.hathitrust.org/Record/006804519,2026-10-01,NULL
MS0061,"University of Michigan",NULL," Ann Arbor, University of Michigan, Special Collections Research Center, Isl. Ms. 407","Dīvān-i Khvājah-i Salmān Sāvājī and etc",NULL,Persian,"collection of Divāns",NULL,Naskh/Nastaliq,NULL,596,"250 x 175 mm",https://babel.hathitrust.org/cgi/pt?id=mdp.39015079130749&seq=1,NULL,https://catalog.hathitrust.org/Record/006822470,2026-10-01,NULL
MS0062,"University of Michigan",NULL," Ann Arbor, University of Michigan, Special Collections Research Center, Isl. Ms. 313","Dīvān-i Amīr Khusraw Dihlavī","Amīr Khusraw Dihlavī",Persian,Divāns,NULL,Nastaliq,NULL,866,"255 x 175 mm",https://hdl.handle.net/2027/mdp.39015079128586,NULL,https://catalog.hathitrust.org/Record/006813676,2026-10-01,NULL
MS0063,"University of Michigan",NULL," Ann Arbor, University of Michigan, Special Collections Research Center, Isl. Ms. 344","Dīvān-i Fattāḥī",Fattāḥī,Persian,Divāns,NULL,Nastaliq,NULL,180,"255 x 175 mm",https://babel.hathitrust.org/cgi/pt?id=mdp.39015079129642&seq=1&view=thumb,NULL,https://catalog.hathitrust.org/Record/006816085,2026-10-01,NULL
MS0065,"University of Michigan",NULL,"Ann Arbor, University of Michigan, Special Collections Research Center, Isl. Ms. 827h","Sharḥ-i Zīj-i Ulugh Beg","Alī al-Qushjī",Persian,"commentary by the astronomer",NULL,"Nastaliq / Naskh",NULL,566,"180 x 135 mm",https://hdl.handle.net/2027/mdp.39015079129832,NULL,https://catalog.hathitrust.org/Record/006818233,2026-10-01,NULL
MS0066,"University of Michigan",NULL,"Ann Arbor, University of Michigan, Special Collections Research Center, Isl. Ms. 275","Jam-i mukhtaṣar","Vaḥīd al-Dīn Tabrīzī",Persian,"treatise on Persian prosody",NULL,"Nastaliq / taliq",NULL,84,"156 x 101 mm",https://hdl.handle.net/2027/mdp.39015079127372,NULL,https://catalog.hathitrust.org/Record/006805296,2026-10-01,NULL
MS0067,"University of Michigan",NULL,"Ann Arbor, University of Michigan, Special Collections Research Center, Isl. Ms. 403","Divan-ı Necâtî Bey","Necâtî Bey",Turkish,divan,NULL,Nastaliq,NULL,438,"268 x 187 mm",https://hdl.handle.net/2027/mdp.39015079130707,NULL,https://catalog.hathitrust.org/Record/006822266,2026-10-01,NULL
MS0068,"University of Michigan",NULL,"Ann Arbor, University of Michigan, Special Collections Research Center, Isl. Ms. 855","Haza Kitab-ı Hadikatü s-süada",Fuzulî,Turkish,"rendering of the suffering of the prophets",NULL,"Nastaliq / Talig",NULL,632,"230 x 155 mm",https://hdl.handle.net/2027/mdp.39015079130426,NULL,https://catalog.hathitrust.org/Record/006819612,2026-10-01,NULL
MS0070,"University of Michigan",NULL,"Ann Arbor, University of Michigan, Special Collections Research Center, Isl. Ms. 363","Divân-ı Baki Efendi",Baki,"Turkish / Persian",divan,NULL,"Nastaliq / Talig",NULL,288,"198 x 120 mm",https://hdl.handle.net/2027/mdp.39015088429314,NULL,https://catalog.hathitrust.org/Record/006818785,2026-10-01,
MS0071,"University of Michigan",NULL,"Ann Arbor, University of Michigan, Special Collections Research Center, Isl. Ms. 334","Tuhfat al-Aḥrār",Jāmī,Persian,"didactic poem",NULL,Nastaliq,NULL,134,"227 x 123 mm",https://babel.hathitrust.org/cgi/pt?id=mdp.39015081446471&seq=1,NULL,https://catalog.hathitrust.org/Record/005233659,2026-10-01,
MS0072,"University of Michigan",NULL,"Ann Arbor, University of Michigan, Special Collections Research Center, Isl. Ms. 316","Dīvān-i Ḥāfiẓ",Ḥāfiẓ,Persian,divan,NULL,Nastaliq,NULL,354,"245 x 157 mm",https://babel.hathitrust.org/cgi/pt?id=mdp.39015079128800&seq=347&view=thumb,NULL,https://catalog.hathitrust.org/Record/006814124,2026-10-01,
MS0073,"University of Michigan",NULL,"Ann Arbor, University of Michigan, Special Collections Research Center, Isl. Ms. 299",Būstān,Saadī,Persian,divan,NULL,Nastaliq,NULL,334,"202 x 128 mm",https://babel.hathitrust.org/cgi/pt?id=mdp.39015079128172&seq=1,NULL,https://catalog.hathitrust.org/Record/006812998,2026-10-01,
MS0074,"University of Michigan",NULL,"Ann Arbor, University of Michigan, Special Collections Research Center, Isl. Ms. 302",Būstān,Saadī,Persian,divan,NULL,Nastaliq,NULL,50,"232 x 135 mm",https://babel.hathitrust.org/cgi/pt?id=mdp.39015079128206&seq=1,NULL,https://catalog.hathitrust.org/Record/006813030,2026-10-01,
MS0075,"University of Michigan",NULL,"Ann Arbor, University of Michigan, Special Collections Research Center, Isl. Ms. 270","Majālis al-ʻushshāq","Ḥusayn ibn Ismāiīl Gāzurgāhī",Persian,sufism,NULL,Nastaliq,NULL,296,"355 x 245 mm",https://babel.hathitrust.org/cgi/pt?id=mdp.39015079127323&seq=1,NULL,https://catalog.hathitrust.org/Record/006805291,2026-10-01,
MS0076,"University of Michigan",NULL,"Ann Arbor, University of Michigan, Special Collections Research Center, Isl. Ms. 343","Dīvāni Kamāl","Kamāl Khujandīī",Persian,divan,NULL,Nastaliq,NULL,320,"220 x 135 mm",https://hdl.handle.net/2027/mdp.39015079129634,NULL,https://catalog.hathitrust.org/Record/006816077,2026-10-01,
MS0077,"University of Michigan",NULL,"Ann Arbor, University of Michigan, Special Collections Research Center, Isl. Ms. 265","Tajziyat al amṣār wa tazjiyat al aṣār,","Vaṣṣāf al Ḥaz̤rat",Persian,historical,NULL,Nastaliq,NULL,616,"250 x 180 mm",https://babel.hathitrust.org/cgi/pt?id=mdp.39015079126697&seq=1,NULL,https://catalog.hathitrust.org/Record/006804533,2026-10-01,"Five volumes (mujallad) in one"
MS0078,"University of Michigan",NULL,"Ann Arbor, University of Michigan, Special Collections Research Center, Isl. Ms. 670","Ikhtiyārāt i badīī","Vaṣṣāf al Ḥaz̤rat","Persian / Arabic",pharmacopoeia,NULL,Nastaliq,NULL,756,"177 x 115 mm",https://hdl.handle.net/2027/mdp.39015079129758,NULL,https://catalog.hathitrust.org/Record/006817696,2026-10-01,
MS0079,"University of Michigan",NULL,"Ann Arbor, University of Michigan, Special Collections Research Center, Isl. Ms. 303",Būstān,Saadī,Persian,poetical,NULL,Nastaliq,NULL,336,"210 x 140 mm",https://babel.hathitrust.org/cgi/pt?id=mdp.39015079128487&seq=1,NULL,https://catalog.hathitrust.org/Record/006813660,2026-10-01,
MS0080,"University of Michigan",NULL,"Ann Arbor, University of Michigan, Special Collections Research Center, Isl. Ms. 312","Qirān i saadayn","Amīr Khusraw Dihlavī",Persian,poetical,NULL,Nastaliq,NULL,48,"222 x 165 mm",https://hdl.handle.net/2027/mdp.39015079128578,NULL,https://catalog.hathitrust.org/Record/006813675,2026-10-01,
MS0081,"University of Michigan",NULL,"Ann Arbor, University of Michigan, Special Collections Research Center, Isl. Ms. 359","Subḥat al abrār",Jāmī,Persian,poetical,NULL,Nastaliq,NULL,224,"208 x 120 mm",https://hdl.handle.net/2027/mdp.39015079130012,NULL,https://catalog.hathitrust.org/Record/006818768,2026-10-01,
MS0082,"University of Michigan",NULL,"Ann Arbor, University of Michigan, Special Collections Research Center, Isl. Ms. 289","Khulāṣat al Khamsah","Niẓāmī Ganjavī",Persian,poetical,NULL,Nastaliq,NULL,98,"208 x 120 mm",https://hdl.handle.net/2027/mdp.39015079127869,NULL,https://catalog.hathitrust.org/Record/006806324,2026-10-01,
MS0083,"University of Michigan",NULL,"Ann Arbor, University of Michigan, Special Collections Research Center, Isl. Ms. 260","Sharḥ-i Divān i Alī"," Qāḍī Mīr Ḥusayn","Persian / Arabic","coomentary on divan",NULL,"Nastaliq / Naskh",NULL,434,"250 x 177 mm",https://hdl.handle.net/2027/mdp.39015079126770,NULL,https://catalog.hathitrust.org/Record/006803157,2026-10-01,
MS0084,"University of Michigan",NULL,"Ann Arbor, University of Michigan, Special Collections Research Center, Isl. Ms. 300",Būstān,Saadī,Persian,poetical,NULL,Nastaliq,NULL,50,"285 x 195 mm",https://hdl.handle.net/2027/mdp.39015079128180,NULL,https://catalog.hathitrust.org/Record/006813024,2026-10-01,
MS0085,"University of Michigan",NULL,"Ann Arbor, University of Michigan, Special Collections Research Center, Isl. Ms. 308",Gulistān,Saadī,Persian,poetical,NULL,Nastaliq,NULL,258,"226 x 140 mm",https://hdl.handle.net/2027/mdp.39015079128537,NULL,https://catalog.hathitrust.org/Record/006813669,2026-10-01,
MS0086,"University of Michigan",NULL,"Ann Arbor, University of Michigan, Special Collections Research Center, Isl. Ms. 306",Gulistān,Saadī,Persian,poetical,NULL,Nastaliq,NULL,258,"226 x 140 mm",https://hdl.handle.net/2027/mdp.39015079128511,NULL,https://catalog.hathitrust.org/Record/006813664,2026-10-01,
MS0087,"University of Michigan",NULL,"Ann Arbor, University of Michigan, Special Collections Research Center, Isl. Ms. 288","Khulāṣah-i Khamsah","Niẓāmī Ganjavī",Persian,poetical,NULL,Nastaliq,NULL,258,"160 x 105 mm",https://hdl.handle.net/2027/mdp.39015079127851,NULL,https://catalog.hathitrust.org/Record/006806316,2026-10-01,
MS0088,"University of Michigan",NULL,"Ann Arbor, University of Michigan, Special Collections Research Center, Isl. Ms. 301",Būstān,Saadī,Persian,poetical,NULL,Nastaliq,NULL,258,"233 x 147 mm",https://hdl.handle.net/2027/mdp.39015079128198,NULL,https://catalog.hathitrust.org/Record/006813026,2026-10-01,
MS0089,"University of Michigan",NULL,"Ann Arbor, University of Michigan, Special Collections Research Center, Isl. Ms. 669","Nafaḥāt al uns min ḥaḍarāt al quds",Jāmī,Persian," study of Sufism and biographies",NULL,"Nastaliq / taliq",NULL,652,"210 x 145 mm",https://hdl.handle.net/2027/mdp.39015079128768,NULL,https://catalog.hathitrust.org/Record/006814120,2026-10-01,
MS0090,"University of Michigan",NULL,"Ann Arbor, University of Michigan, Special Collections Research Center, Isl. Ms. 325","Haft awrang",Jāmī,Persian,poetical,NULL,"Nastaliq / taliq",NULL,1040,"200 x 130 mm",https://hdl.handle.net/2027/mdp.39015079129030,NULL,https://catalog.hathitrust.org/Record/006814499,2026-10-01,
MS0091,"University of Michigan",NULL,"Ann Arbor, University of Michigan, Special Collections Research Center, Isl. Ms. 330","Subḥat al abrār",Jāmī,Persian,poetical,NULL,Nastaliq,NULL,266,"237 x 168 mm",https://hdl.handle.net/2027/mdp.39015079129527,NULL,https://catalog.hathitrust.org/Record/006815845,2026-10-01,
MS0092,"University of Michigan",NULL,"Ann Arbor, University of Michigan, Special Collections Research Center, Isl. Ms. 271","Akhlāq i Muḥsinī",Kāshifī,"Persian / Arabic",ethics,NULL,"Nastaliq / Tawiq",NULL,378,"245 x 165 mm",https://hdl.handle.net/2027/mdp.39015079127331,NULL,https://catalog.hathitrust.org/Record/006805292,2026-10-01,
MS0093,"University of Michigan",NULL,"Ann Arbor, University of Michigan, Special Collections Research Center, Isl. Ms. 326","Haft Awrang",Jāmī,Persian,poetical,NULL,Nastaliq,NULL,818,"245 x 165 mm",https://hdl.handle.net/2027/mdp.39015079129063,NULL,https://catalog.hathitrust.org/Record/006814500,2026-10-01,
